"ps_id","device_sn","model","rated_power_w","sumber_dokumen","diverifikasi_oleh","tanggal"
"1092345","A20C2200554","SG50CX","","","",""
"1092345","A2140203834","SG110CX","","","",""
"1154267","A21B1804347","SG110CX","","","",""
"1154284","A2162500163","SG40CX","","","",""
"1154284","A2162500173","SG40CX","","","",""
"1154284","A21B1804443","SG110CX","","","",""
"1157086","A2142204777","SG33CX","","","",""
"1157086","A21B1804316","SG110CX","","","",""
"1159436","A2011190816","SG40CX","","","",""
"1159436","A2111300932","SG33CX","","","",""
"1159436","A2381429437","SG125CX-P2","","","",""
"1159436","A2381601596","SG125CX-P2","","","",""
"1159599","A21C2006161","SG15RT","","","",""
"1159599","A21C2006168","SG15RT","","","",""
"1159599","A2390404347","SG125CX-P2","","","",""
"1159719","A2140203847","SG20RT","","","",""
"1159719","A2162500171","SG40CX","","","",""
"1159719","A2170703377","SG6.0RT","","","",""
"1159719","A22A2100835","SG15RT","","","",""
"1159732","A2181602227","SG15RT","","","",""
"1159732","A21A1601224","SG15RT","","","",""
"1159732","A2381603278","SG110CX","","","",""
"1159761","A2011190782","SG40CX","","","",""
"1159761","A2170703379","SG6.0RT","","","",""
"1159761","A21C3137094","SG50CX","","","",""
"1160041","A2162500164","SG40CX","","","",""
"1160041","A2180700646","SG15RT","","","",""
"1160041","A2181602034","SG15RT","","","",""
"1160041","A2380905426","SG125CX-P2","","","",""
"1162742","A2011190823","SG40CX","","","",""
"1162742","A2260505896","SG40CX","","","",""
"1162742","A2262486791","SG20RT","","","",""
"1162742","A2340731470","SG6.0RT","","","",""
"1218534","A21C0804999","SG50CX","","","",""
"1218534","A2260505856","SG40CX","","","",""
"1219715","A21C3137140","SG50CX","","","",""
"1219736","A2282204167","SG12RT","","","",""
"1223413","A21C0805000","SG50CX","","","",""
"1223413","A2222833652","SG33CX","","","",""
"1223464","A2222833645","SG33CX","","","",""
"1223464","A2260505862","SG40CX","","","",""
"1224963","A2260505952","SG40CX","","","",""
"1224963","A2260505977","SG40CX","","","",""
"1224999","A2232347835","SG110CX","","","",""
"1224999","A2260505883","SG40CX","","","",""
"1230507","A2011190791","SG40CX","","","",""
"1230507","A2330120241","SG125CX-P2","","","",""
"1231394","A21C2409698","SG110CX","","","",""
"1231394","A21C2409775","SG110CX","","","",""
"1247367","A2140605666","SG110CX","","","",""
"1284197","A2342401440","SG33CX-P2","","","",""
"1376844","A23B0701153","SG110CX","","","",""
"1377551","A2220903535","SG125CX-P2","","","",""
"1378278","A2260505889","SG40CX","","","",""
"1378278","A2381601425","SG125CX-P2","","","",""
"1386493","A2381601598","SG125CX-P2","","","",""
"1387109","A2260505899","SG40CX","","","",""
"1387111","A2231138492","SG33CX","","","",""
"1389249","A2232347788","SG110CX","","","",""
"1389249","A2260505938","SG40CX","","","",""
"1389275","A2011190821","SG40CX","","","",""
"1389275","A21C2409677","SG110CX","","","",""
"1391178","A2372002615","SG110CX","","","",""
"1391178","A2372002624","SG110CX","","","",""
"1392560","A2381601747","SG125CX-P2","","","",""
"1393852","A2210603293","SG50CX","","","",""
"1393852","A2382202542","SG125CX-P2","","","",""
"1410080","A2282615752","SG50CX","","","",""
"1415889","A2352740117","SG125CX-P2","","","",""
"1415889","A2472302151","SG110CX","","","",""
"1456379","A2460702049","SG110CX","","","",""
"1459033","A2460702035","SG110CX","","","",""
"1459033","A2460702046","SG110CX","","","",""
"1459033","A2460702072","SG110CX","","","",""
"1459033","A2460702081","SG110CX","","","",""
"1583524","A2381603419","SG110CX","","","",""
"1585267","A23A0900553","SG110CX","","","",""
